company_name,cik
ELI LILLY & Co,0000059478
JOHNSON & JOHNSON,0000200406
NOVO NORDISK A S,0000353278
AbbVie Inc.,0001551152
ASTRAZENECA PLC,0000901832
ABBOTT LABORATORIES,0000001800
"Merck & Co., Inc.",0000310158
NOVARTIS AG,0001114448
AMGEN INC,0000318154
PFIZER INC,0000078003
Sanofi,0001121404
"GILEAD SCIENCES, INC.",0000882095
VERTEX PHARMACEUTICALS INC / MA,0000875320
BRISTOL MYERS SQUIBB CO,0000014272
GSK plc,0001131399
Zoetis Inc.,0001555280
"REGENERON PHARMACEUTICALS, INC.",0000872589
TAKEDA PHARMACEUTICAL CO LTD,0001395064
ARGENX SE,0001697862
IDEXX LABORATORIES INC /DE,0000874716
"ALNYLAM PHARMACEUTICALS, INC.",0001178670
BioNTech SE,0001776985
"BeiGene, Ltd.",0001651308
BIOGEN INC.,0000875045
TEVA PHARMACEUTICAL INDUSTRIES LTD,0000818686
Royalty Pharma plc,0001802768
Summit Therapeutics Inc.,0001599298
UNITED THERAPEUTICS Corp,0001082554
INSMED Inc,0001104506
"Intra-Cellular Therapies, Inc.",0001567514
GENMAB A/S,0001434265
Viatris Inc,0001792044
BIOMARIN PHARMACEUTICAL INC,0001048477
"Moderna, Inc.",0001682852
DR REDDYS LABORATORIES LTD,0001135951
NEUROCRINE BIOSCIENCES INC,0000914475
BIO-TECHNE Corp,0000842023
"Vaxcyte, Inc.",0001649094
"Sarepta Therapeutics, Inc.",0000873303
"EXELIXIS, INC.",0000939767
QIAGEN N.V.,0001015820
Ascendis Pharma A/S,0001612042
Jazz Pharmaceuticals plc,0001232524
"Aardvark Therapeutics, Inc.",0001774857
REPLIGEN CORP,0000730272
"Revolution Medicines, Inc.",0001628171
CORCEPT THERAPEUTICS INC,0001088856
"MADRIGAL PHARMACEUTICALS, INC.",0001157601
Roivant Sciences Ltd.,0001635088
"HALOZYME THERAPEUTICS, INC.",0001159036
Legend Biotech Corp,0001801198
"Axsome Therapeutics, Inc.",0001579428
Blueprint Medicines Corp,0001597264
Grifols SA,0001438569
"BridgeBio Pharma, Inc.",0001743881
ASCENTAGE PHARMA GROUP INTERNATIONAL,0002023311
Telix Pharmaceuticals Ltd,0002007191
"Nuvalent, Inc.",0001861560
Elanco Animal Health Inc,0001739104
Alkermes plc.,0001520262
"Lantheus Holdings, Inc.",0001521036
Verona Pharma plc,0001657312
CYTOKINETICS INC,0001061983
"TG THERAPEUTICS, INC.",0001001316
IONIS PHARMACEUTICALS INC,0000874015
"Krystal Biotech, Inc.",0001711279
"SpringWorks Therapeutics, Inc.",0001773427
Prestige Consumer Healthcare Inc.,0001295947
Biohaven Ltd.,0001935979
Organon & Co.,0001821825
Ultragenyx Pharmaceutical Inc.,0001515673
"Avidity Biosciences, Inc.",0001599901
Alvotech,0001898416
"PTC THERAPEUTICS, INC.",0001070081
"ADMA BIOLOGICS, INC.",0001368514
"Akero Therapeutics, Inc.",0001744659
CRISPR Therapeutics AG,0001674416
"Amneal Pharmaceuticals, Inc.",0001723128
"RHYTHM PHARMACEUTICALS, INC.",0001649904
Scholar Rock Holding Corp,0001727196
"Arcellx, Inc.",0001786205
"Apellis Pharmaceuticals, Inc.",0001492422
"Immunovant, Inc.",0001764013
PERRIGO Co plc,0001585364
"Viking Therapeutics, Inc.",0001607678
"RECURSION PHARMACEUTICALS, INC.",0001601830
"Crinetics Pharmaceuticals, Inc.",0001658247
ACADIA PHARMACEUTICALS INC,0001070494
Zai Lab Ltd,0001704292
"Metsera, Inc.",0002040807
Denali Therapeutics Inc.,0001714899
Xenon Pharmaceuticals Inc.,0001582313
"AMICUS THERAPEUTICS, INC.",0001178879
MoonLake Immunotherapeutics,0001821586
Vericel Corp,0000887359
QuidelOrtho Corp,0001906324
Twist Bioscience Corp,0001581280
"CATALYST PHARMACEUTICALS, INC.",0001369568
Merus N.V.,0001651311
"Edgewise Therapeutics, Inc.",0001710072
"ImmunityBio, Inc.",0001326110
"Mirum Pharmaceuticals, Inc.",0001759425
"ARROWHEAD PHARMACEUTICALS, INC.",0000879407
Beam Therapeutics Inc.,0001745999
MESOBLAST LTD,0001345099
"Kymera Therapeutics, Inc.",0001815442
Centessa Pharmaceuticals plc,0001847903
HUTCHMED (China) Ltd,0001648257
Bausch Health Companies Inc.,0000885590
"Protagonist Therapeutics, Inc",0001377121
"Harmony Biosciences Holdings, Inc.",0001802665
"Vera Therapeutics, Inc.",0001831828
"Janux Therapeutics, Inc.",0001817713
"Endo, Inc.",0002008861
"CG Oncology, Inc.",0001991792
"SUPERNUS PHARMACEUTICALS, INC.",0001356576
NEOGEN CORP,0000711377
LIGAND PHARMACEUTICALS INC,0000886163
NewAmsterdam Pharma Co N.V.,0001936258
"Travere Therapeutics, Inc.",0001438533
"Apogee Therapeutics, Inc.",0001974640
"Tarsus Pharmaceuticals, Inc.",0001819790
"AGIOS PHARMACEUTICALS, INC.",0001439222
"Disc Medicine, Inc.",0001816736
PROKIDNEY CORP.,0001850270
BIOCRYST PHARMACEUTICALS INC,0000882796
"IDEAYA Biosciences, Inc.",0001676725
"Schrodinger, Inc.",0001490978
"BELITE BIO, INC",0001889109
DYNAVAX TECHNOLOGIES CORP,0001029142
GERON CORP,0000886744
GALAPAGOS NV,0001421876
Wave Life Sciences Ltd.,0001631574
Evotec SE,0001412558
"IOVANCE BIOTHERAPEUTICS, INC.",0001425205
"Praxis Precision Medicines, Inc.",0001689548
"89bio, Inc.",0001785173
MANNKIND CORP,0000899460
"Amphastar Pharmaceuticals, Inc.",0001297184
"Celldex Therapeutics, Inc.",0000744218
Immunocore Holdings plc,0001671927
"Arcutis Biotherapeutics, Inc.",0001787306
"Dyne Therapeutics, Inc.",0001818794
"Kiniksa Pharmaceuticals International, plc",0001730430
Structure Therapeutics Inc.,0001888886
"Spyre Therapeutics, Inc.",0001636282
Liquidia Corp,0001819576
"Nurix Therapeutics, Inc.",0001549595
MYRIAD GENETICS INC,0000899923
"ARDELYX, INC.",0001437402
"Vir Biotechnology, Inc.",0001706431
NOVAVAX INC,0001000694
Syndax Pharmaceuticals Inc,0001395937
ANI PHARMACEUTICALS INC,0001023024
INDIVIOR PLC,0001625297
Adaptive Biotechnologies Corp,0001478320
"Day One Biopharmaceuticals, Inc.",0001845337
"Pacira BioSciences, Inc.",0001396814
"ARVINAS, INC.",0001655759
"OCULAR THERAPEUTIX, INC",0001393434
"ARS Pharmaceuticals, Inc.",0001671858
"Arcus Biosciences, Inc.",0001724521
"Innoviva, Inc.",0001080014
"Curaleaf Holdings, Inc.",0001756770
Xencor Inc,0001326732
Aurinia Pharmaceuticals Inc.,0001600620
"HARROW, INC.",0001360214
"OPKO HEALTH, INC.",0000944809
"Replimune Group, Inc.",0001737953
"Enliven Therapeutics, Inc.",0001672619
"ROCKET PHARMACEUTICALS, INC.",0001281895
"MARAVAI LIFESCIENCES HOLDINGS, INC.",0001823239
PHIBRO ANIMAL HEALTH CORP,0001069899
"NIKA PHARMACEUTICALS, INC",0001145604
BGM Group Ltd.,0001779578
"GYRE THERAPEUTICS, INC.",0001124105
Zymeworks Inc.,0001937653
"COLLEGIUM PHARMACEUTICAL, INC",0001267565
"Intellia Therapeutics, Inc.",0001652130
Pharvaris N.V.,0001830487
"Evolus, Inc.",0001570562
Oculis Holding AG,0001953530
AbCellera Biologics Inc.,0001703057
"ArriVent BioPharma, Inc.",0001868279
"Cogent Biosciences, Inc.",0001622229
Immunome Inc.,0001472012
GH Research PLC,0001855129
Trulieve Cannabis Corp.,0001754195
"Tilray Brands, Inc.",0001731348
BICYCLE THERAPEUTICS PLC,0001761612
AVADEL PHARMACEUTICALS PLC,0001012477
"Sionna Therapeutics, Inc.",0002036042
CureVac N.V.,0001809122
Opthea Ltd,0001815620
Nuvation Bio Inc.,0001811063
"Ginkgo Bioworks Holdings, Inc.",0001830214
Cronos Group Inc.,0001656472
PROTHENA CORP PUBLIC LTD CO,0001559053
ANAVEX LIFE SCIENCES CORP.,0001314052
Bicara Therapeutics Inc.,0002023658
"Dianthus Therapeutics, Inc. /DE/",0001690585
"CAPRICOR THERAPEUTICS, INC.",0001133869
uniQure N.V.,0001590560
"LENZ Therapeutics, Inc.",0001815776
Mind Medicine (MindMed) Inc.,0001813814
"Verve Therapeutics, Inc.",0001840574
"Relay Therapeutics, Inc.",0001812364
SINOVAC BIOTECH LTD,0001084201
"Kura Oncology, Inc.",0001422143
CorMedix Inc.,0001410098
Valneva SE,0001836564
"Sana Biotechnology, Inc.",0001770121
Arbutus Biopharma Corp,0001447028
"Tyra Biosciences, Inc.",0001863127
Immatics N.V.,0001809196
USANA HEALTH SCIENCES INC,0000896264
ELITE PHARMACEUTICALS INC /NV/,0001053369
"Rapport Therapeutics, Inc.",0002012593
Pharming Group N.V.,0001828316
"PRECIGEN, INC.",0001356090
"Oric Pharmaceuticals, Inc.",0001796280
"ANAPTYSBIO, INC",0001370053
"Cullinan Therapeutics, Inc.",0001789972
"Stoke Therapeutics, Inc.",0001623526
"Xeris Biopharma Holdings, Inc.",0001867096
"Septerna, Inc.",0001984086
OMEROS CORP,0001285819
"Mineralys Therapeutics, Inc.",0001933414
Autolus Therapeutics plc,0001730463
MeiraGTx Holdings plc,0001735438
Emergent BioSolutions Inc.,0001367644
"Humacyte, Inc.",0001818382
"Tectonic Therapeutic, Inc.",0001681087
"Maze Therapeutics, Inc.",0001842295
SNDL Inc.,0001766600
"Cartesian Therapeutics, Inc.",0001453687
Savara Inc,0001160308
"Compass Therapeutics, Inc.",0001738021
"Entrada Therapeutics, Inc.",0001689375
"Theravance Biopharma, Inc.",0001583107
"KalVista Pharmaceuticals, Inc.",0001348911
Organogenesis Holdings Inc.,0001661181
"Akebia Therapeutics, Inc.",0001517022
Abivax S.A.,0001956827
KAMADA LTD,0001567529
PureTech Health plc,0001782999
Mereo BioPharma Group plc,0001719714
Glass House Brands Inc.,0001848731
UroGen Pharma Ltd.,0001668243
"Altimmune, Inc.",0001326190
"Eton Pharmaceuticals, Inc.",0001710340
"Erasca, Inc.",0001761918
"Sage Therapeutics, Inc.",0001597553
"Alpha Teknova, Inc.",0001850902
Arcturus Therapeutics Holdings Inc.,0001768224
SIGA TECHNOLOGIES INC,0001010086
ChromaDex Corp.,0001386570
"ZEVRA THERAPEUTICS, INC.",0001434647
"Keros Therapeutics, Inc.",0001664710
"Monte Rosa Therapeutics, Inc.",0001826457
"Oruka Therapeutics, Inc.",0000907654
CHIMERIX INC,0001117480
"Upstream Bio, Inc.",0002022626
COMPASS Pathways plc,0001816590
"Aura Biosciences, Inc.",0001501796
"Astria Therapeutics, Inc.",0001454789
"Candel Therapeutics, Inc.",0001841387
"Phathom Pharmaceuticals, Inc.",0001783183
"Aldeyra Therapeutics, Inc.",0001341235
"Esperion Therapeutics, Inc.",0001434868
ATAI Life Sciences N.V.,0001840904
RIGEL PHARMACEUTICALS INC,0001034842
"Olema Pharmaceuticals, Inc.",0001750284
AURORA CANNABIS INC,0001683541
REGENXBIO Inc.,0001590877
"Trevi Therapeutics, Inc.",0001563880
"Terns Pharmaceuticals, Inc.",0001831363
Foghorn Therapeutics Inc.,0001822462
"Prime Medicine, Inc.",0001894562
"Tourmaline Bio, Inc.",0001827506
"Taysha Gene Therapies, Inc.",0001806310
BRIGHT MINDS BIOSCIENCES INC.,0001827401
"Cryoport, Inc.",0001124524
NORTHWEST BIOTHERAPEUTICS INC,0001072379
Cresco Labs Inc.,0001832928
Canopy Growth Corp,0001737927
enGene Holdings Inc.,0001980845
"Annexon, Inc.",0001528115
"Corvus Pharmaceuticals, Inc.",0001626971
IRONWOOD PHARMACEUTICALS INC,0001446847
XOMA Royalty Corp,0000791908
"Aquestive Therapeutics, Inc.",0001398733
aTYR PHARMA INC,0001339970
"Amylyx Pharmaceuticals, Inc.",0001658551
"Zenas BioPharma, Inc.",0001953926
"Gossamer Bio, Inc.",0001728117
"MBX Biosciences, Inc.",0001776111
"Allogene Therapeutics, Inc.",0001737287
IMMUTEP Ltd,0001506184
Neurogene Inc.,0001404644
"Rezolute, Inc.",0001509261
"Neumora Therapeutics, Inc.",0001885522
"Cardiff Oncology, Inc.",0001213037
ALUMIS INC.,0001847367
"Korro Bio, Inc.",0001703647
"Y-mAbs Therapeutics, Inc.",0001722964
Vanda Pharmaceuticals Inc.,0001347178
Monopar Therapeutics,0001645469
NATURES SUNSHINE PRODUCTS INC,0000275053
"Tango Therapeutics, Inc.",0001819133
"Verastem, Inc.",0001526119
"Eledon Pharmaceuticals, Inc.",0001404281
Tevogen Bio Holdings Inc.,0001860871
"LEXICON PHARMACEUTICALS, INC.",0001062822
"iTeos Therapeutics, Inc.",0001808865
"Atea Pharmaceuticals, Inc.",0001593899
DiaMedica Therapeutics Inc.,0001401040
Kodiak Sciences Inc.,0001468748
AC Immune SA,0001651625
"Cidara Therapeutics, Inc.",0001610618
ABEONA THERAPEUTICS INC.,0000318306
CytoDyn Inc.,0001175680
ESG Inc.,0001883835
"HERON THERAPEUTICS, INC. /DE/",0000818033
BIOSTEM TECHNOLOGIES,0001658678
AMARIN CORP PLC\UK,0000897448
"SANGAMO THERAPEUTICS, INC",0001001233
ProQR Therapeutics N.V.,0001612940
"Voyager Therapeutics, Inc.",0001640266
Benitec Biopharma Inc.,0001808898
biote Corp.,0001819253
"Aclaris Therapeutics, Inc.",0001557746
Lifevantage Corp,0000849146
Zhengye Biotechnology Holding Ltd,0001975641
Inventiva S.A.,0001756594
"C4 Therapeutics, Inc.",0001662579
"Design Therapeutics, Inc.",0001807120
Silence Therapeutics plc,0001479615
"LIFECORE BIOMEDICAL, INC. \DE\",0001005286
"4D Molecular Therapeutics, Inc.",0001650648
"Larimar Therapeutics, Inc.",0001374690
"PLIANT THERAPEUTICS, INC.",0001746473
"ACELYRIN, Inc.",0001962918
"PALVELLA THERAPEUTICS, INC.",0001583648
"Inmune Bio, Inc.",0001711754
Nanobiotix S.A.,0001760854
"Ocugen, Inc.",0001372299
CYBIN INC.,0001833141
Genfit S.A.,0001757064
MediWound Ltd.,0001593984
"Contineum Therapeutics, Inc.",0001855175
"Fulcrum Therapeutics, Inc.",0001680581
"Protalix BioTherapeutics, Inc.",0001006281
Vireo Growth Inc.,0001771706
COMPUGEN LTD,0001119774
"TuHURA Biosciences, Inc./NV",0001498382
EXOZYMES INC.,0002010788
Beroni Group Ltd,0001851651
"Inhibrx Biosciences, Inc.",0002007919
GENELUX Corp,0001231457
FENNEC PHARMACEUTICALS INC.,0001211583
scPharmaceuticals Inc.,0001604950
MOLECULAR PARTNERS AG,0001745114
"CARGO Therapeutics, Inc.",0001966494
"Zentalis Pharmaceuticals, Inc.",0001725160
Innate Pharma SA,0001598599
"Vaxart, Inc.",0000072444
"Checkpoint Therapeutics, Inc.",0001651407
"Procaps Group, S.A.",0001863362
ORGANIGRAM HOLDINGS INC.,0001620737
"Invivyd, Inc.",0001832038
Vor Biopharma Inc.,0001817229
NEKTAR THERAPEUTICS,0000906709
"Alector, Inc.",0001653087
"Greenwich LifeSciences, Inc.",0001799788
Cellectis S.A.,0001627281
"Acrivon Therapeutics, Inc.",0001781174
"BioAge Labs, Inc.",0001709941
"Lyell Immunopharma, Inc.",0001806952
"Lineage Cell Therapeutics, Inc.",0000876343
ENANTA PHARMACEUTICALS INC,0001177648
InflaRx N.V.,0001708688
Solid Biosciences Inc.,0001707502
"RAPT Therapeutics, Inc.",0001673772
"Inhibikase Therapeutics, Inc.",0001750149
"Third Harmonic Bio, Inc.",0001923840
"ACTUATE THERAPEUTICS, INC.",0001652935
MACROGENICS INC,0001125345
"Nuvectis Pharma, Inc.",0001875558
ADC Therapeutics SA,0001771910
"Protara Therapeutics, Inc.",0001359931
"Instil Bio, Inc.",0001789769
"Nkarta, Inc.",0001787400
"CHAMPIONS ONCOLOGY, INC.",0000771856
Adaptimmune Therapeutics PLC,0001621227
FATE THERAPEUTICS INC,0001434316
"SUTRO BIOPHARMA, INC.",0001382101
"PUMA BIOTECHNOLOGY, INC.",0001401667
Sagimet Biosciences Inc.,0001400118
"FITLIFE BRANDS, INC.",0001374328
"Seres Therapeutics, Inc.",0001609809
"Lexeo Therapeutics, Inc.",0001907108
"Kyverna Therapeutics, Inc.",0001994702
"Coherus BioSciences, Inc.",0001512762
"Cabaletta Bio, Inc.",0001759138
"2seventy bio, Inc.",0001860782
"Black Diamond Therapeutics, Inc.",0001701541
"Biomea Fusion, Inc.",0001840439
"Telomir Pharmaceuticals, Inc.",0001971532
Milestone Pharmaceuticals Inc.,0001408443
"Ventyx Biosciences, Inc.",0001851194
"Caribou Biosciences, Inc.",0001619856
Zomedica Corp.,0001684144
"Coya Therapeutics, Inc.",0001835022
"TScan Therapeutics, Inc.",0001783328
"ACHIEVE LIFE SCIENCES, INC.",0000949858
RENOVARO INC.,0001527728
EUPRAXIA PHARMACEUTICALS INC.,0001581178
"Corbus Pharmaceuticals Holdings, Inc.",0001595097
CASSAVA SCIENCES INC,0001069530
ELUTIA INC.,0001708527
"Climb Bio, Inc.",0001768446
"Vigil Neuroscience, Inc.",0001827087
Journey Medical Corp,0001867066
"Rani Therapeutics Holdings, Inc.",0001856725
"Editas Medicine, Inc.",0001650664
"SELLAS Life Sciences Group, Inc.",0001390478
Cardiol Therapeutics Inc.,0001702123
"ATOSSA THERAPEUTICS, INC.",0001488039
Anixa Biosciences Inc,0000715446
BIOHARVEST SCIENCES INC.,0001723464
ORAMED PHARMACEUTICALS INC.,0001176309
Zura Bio Ltd,0001855644
XBiotech Inc.,0001626878
"Metagenomi, Inc.",0001785279
PowerUp Acquisition Corp.,0001847345
Alpha Cognition Inc.,0001655923
"Jasper Therapeutics, Inc.",0001788028
"Skye Bioscience, Inc.",0001516551
MEDICINOVA INC,0001226616
"HilleVax, Inc.",0001888012
"Elicio Therapeutics, Inc.",0001601485
"CITIUS ONCOLOGY, INC.",0001851484
Neuphoria Therapeutics Inc.,0001191070
"Artiva Biotherapeutics, Inc.",0001817241
"Cue Biopharma, Inc.",0001645460
"Adverum Biotechnologies, Inc.",0001501756
Camp4 Therapeutics Corp,0001736730
ALT5 Sigma Corp,0000862861
"Inozyme Pharma, Inc.",0001693011
"Acumen Pharmaceuticals, Inc.",0001576885
"IMMUNIC, INC.",0001280776
"X4 Pharmaceuticals, Inc",0001501697
DBV Technologies S.A.,0001613780
Entera Bio Ltd.,0001638097
Adlai Nortye Ltd.,0001944552
"REVIVA PHARMACEUTICALS HOLDINGS, INC.",0001742927
"IGM Biosciences, Inc.",0001496323
"Xtant Medical Holdings, Inc.",0001453593
"Alto Neuroscience, Inc.",0001999480
"Assertio Holdings, Inc.",0001808665
"Avalo Therapeutics, Inc.",0001534120
GALECTIN THERAPEUTICS INC,0001133416
VERU INC.,0000863894
AGENUS INC,0001098972
I-Mab,0001778016
Regulus Therapeutics Inc.,0001505512
"Vistagen Therapeutics, Inc.",0001411685
"ASSEMBLY BIOSCIENCES, INC.",0001426800
"INOVIO PHARMACEUTICALS, INC.",0001055726
Adagene Inc.,0001818838
ESSA Pharma Inc.,0001633932
Tiziana Life Sciences Ltd,0001723069
"Ascend Wellness Holdings, Inc.",0001756390
"Pyxis Oncology, Inc.",0001782223
Theratechnologies Inc.,0001512717
"Clearside Biomedical, Inc.",0001539029
Karyopharm Therapeutics Inc.,0001503802
Intercure Ltd.,0001857030
PyroGenesis Canada Inc.,0001743344
"Aligos Therapeutics, Inc.",0001799448
"Mersana Therapeutics, Inc.",0001442836
"OnKure Therapeutics, Inc.",0001637715
"Ikena Oncology, Inc.",0001835579
"Tenaya Therapeutics, Inc.",0001858848
Jushi Holdings Inc.,0001909747
"Adicet Bio, Inc.",0001720580
"PMV Pharmaceuticals, Inc.",0001699382
Mural Oncology plc,0001971543
"Forte Biosciences, Inc.",0001419041
"Armata Pharmaceuticals, Inc.",0000921114
Genenta Science S.p.A.,0001838716
"Aerovate Therapeutics, Inc.",0001798749
"bluebird bio, Inc.",0001293971
Oncocyte Corp,0001642380
"Applied Therapeutics, Inc.",0001697532
"Werewolf Therapeutics, Inc.",0001785530
BeyondSpring Inc.,0001677940
CUMBERLAND PHARMACEUTICALS INC,0001087294
"Gain Therapeutics, Inc.",0001819411
23andMe Holding Co.,0001804591
"Century Therapeutics, Inc.",0001850119
Tonix Pharmaceuticals Holding Corp.,0001430306
"Earth Science Tech, Inc.",0001538495
"Aadi Bioscience, Inc.",0001422142
"CytomX Therapeutics, Inc.",0001501989
Scilex Holding Co,0001820190
"Quince Therapeutics, Inc.",0001662774
"IO Biotech, Inc.",0001865494
"Xilio Therapeutics, Inc.",0001840233
"Kronos Bio, Inc.",0001741830
"ROCKWELL MEDICAL, INC.",0001041024
ONCOLYTICS BIOTECH INC,0001129928
"Shattuck Labs, Inc.",0001680367
Achilles Therapeutics plc,0001830749
Verrica Pharmaceuticals Inc.,0001660334
Context Therapeutics Inc.,0001842952
"Unicycive Therapeutics, Inc.",0001766140
Immuneering Corp,0001790340
"Outlook Therapeutics, Inc.",0001649989
"OptiNose, Inc.",0001494650
PDS Biotechnology Corp,0001472091
VOLITIONRX LTD,0000093314
"Anebulo Pharmaceuticals, Inc.",0001815974
ALX ONCOLOGY HOLDINGS INC,0001810182
"Immix Biopharma, Inc.",0001873835
vTv Therapeutics Inc.,0001641489
Connect Biopharma Holdings Ltd,0001835268
"Rein Therapeutics, Inc.",0001420565
MARIMED INC.,0001522767
Prelude Therapeutics Inc,0001678660
FIBROGEN INC,0000921299
"Annovis Bio, Inc.",0001477845
"Abpro Holdings, Inc.",0001893219
Iterum Therapeutics plc,0001659323
Ayr Wellness Inc.,0001847462
Repare Therapeutics Inc.,0001808158
"Boundless Bio, Inc.",0001782303
Lantern Pharma Inc.,0001763950
"Atara Biotherapeutics, Inc.",0001604464
"NRX Pharmaceuticals, Inc.",0001719406
"Rafael Holdings, Inc.",0001713863
Regencell Bioscience Holdings Ltd,0001829667
DYADIC INTERNATIONAL INC,0001213809
"Allovir, Inc.",0001754068
Celularity Inc,0001752828
"Fortress Biotech, Inc.",0001429260
FutureTech II Acquisition Corp.,0001889450
"MAIA Biotechnology, Inc.",0001878313
"KALA BIO, Inc.",0001479419
"FibroBiologics, Inc.",0001958777
Ovid Therapeutics Inc.,0001636651
Generation Bio Co.,0001733294
"Serina Therapeutics, Inc.",0001708599
IMMUCELL CORP /DE/,0000811641
"Spero Therapeutics, Inc.",0001701108
"LakeShore Biopharma Co., Ltd.",0001946399
SCYNEXIS INC,0001178253
"Estrella Immunopharma, Inc.",0001844417
OS Therapies Inc,0001795091
"PROVECTUS BIOPHARMACEUTICALS, INC.",0000315545
"Kezar Life Sciences, Inc.",0001645666
Barinthus Biotherapeutics plc.,0001828185
"Tempest Therapeutics, Inc.",0001544227
"CASI Pharmaceuticals, Inc.",0001962738
Denali Capital Acquisition Corp.,0001913577
"Coeptis Therapeutics Holdings, Inc.",0001759186
PepGen Inc.,0001835597
PRECISION BIOSCIENCES INC,0001357874
"Elevation Oncology, Inc.",0001783032
ALTERITY THERAPEUTICS LTD,0001131343
Clene Inc.,0001822791
"RenovoRx, Inc.",0001574094
Medicus Pharma Ltd.,0001997296
Chemomab Therapeutics Ltd.,0001534248
"MiNK Therapeutics, Inc.",0001840229
VYNE Therapeutics Inc.,0001566044
Radiopharm Theranostics Ltd,0001949257
OKYO Pharma Ltd,0001849296
"Opus Genetics, Inc.",0001228627
"Surrozen, Inc./DE",0001824893
"BullFrog AI Holdings, Inc.",0001829247
"iBio, Inc.",0001420720
"INTENSITY THERAPEUTICS, INC.",0001567264
"Actinium Pharmaceuticals, Inc.",0001388320
"Cadrenal Therapeutics, Inc.",0001937993
"HST Global, Inc.",0000797564
"Calidi Biotherapeutics, Inc.",0001855485
"Grace Therapeutics, Inc.",0001444192
"Cyclo Therapeutics, Inc.",0000922247
"CalciMedica, Inc.",0001534133
"Cardio Diagnostics Holdings, Inc.",0001870144
"Unity Biotechnology, Inc.",0001463361
"Equillium, Inc.",0001746466
Q32 Bio Inc.,0001661998
"Passage BIO, Inc.",0001787297
BIOVIE INC.,0001580149
Pluri Inc.,0001158780
ProMIS Neurosciences Inc.,0001374339
"AN2 Therapeutics, Inc.",0001880438
Synergy CHC Corp.,0001562733
Incannex Healthcare Inc.,0001873875
Rallybio Corp,0001739410
"EXICURE, INC.",0001698530
"NKGen Biotech, Inc.",0001845459
CEL SCI CORP,0000725363
Akari Therapeutics Plc,0001541157
CytoMed Therapeutics Ltd,0001873093
"JUPITER NEUROSCIENCES, INC.",0001679628
"Dare Bioscience, Inc.",0001401914
CURIS INC,0001108205
"Pulmatrix, Inc.",0001574235
Lexaria Bioscience Corp.,0001348362
NeuroSense Therapeutics Ltd.,0001875091
"Scienture Holdings, Inc.",0001382574
Allakos Inc.,0001564824
"Cara Therapeutics, Inc.",0001346830
NATURAL ALTERNATIVES INTERNATIONAL INC,0000787253
PALATIN TECHNOLOGIES INC,0000911216
"TENAX THERAPEUTICS, INC.",0000034956
IMPACT BIOMEDICAL INC.,0001834105
"Traws Pharma, Inc.",0001130598
COGNITION THERAPEUTICS INC,0001455365
LAVA Therapeutics NV,0001840748
"BioAtla, Inc.",0001826892
"IGC Pharma, Inc.",0001326205
Enlivex Therapeutics Ltd.,0001596812
"Citius Pharmaceuticals, Inc.",0001506251
Longeveron Inc.,0001721484
"IN8BIO, INC.",0001740279
DURECT CORP,0001082038
C21 Investments Inc.,0000831609
HOOKIPA Pharma Inc.,0001760542
"LISATA THERAPEUTICS, INC.",0000320017
TRINITY BIOTECH PLC,0000888721
Quantum Biopharma Ltd.,0001771885
Gelteq Ltd,0001920092
ImmunoPrecise Antibodies Ltd.,0001715925
MANNATECH INC,0001056358
"MIRA PHARMACEUTICALS, INC.",0001904286
"Kairos Pharma, LTD.",0001962011
Carisma Therapeutics Inc.,0001485003
"NextCure, Inc.",0001661059
"Zeo ScientifiX, Inc.",0001557376
"Cocrystal Pharma, Inc.",0001412486
"Aprea Therapeutics, Inc.",0001781983
"LEAP THERAPEUTICS, INC.",0001509745
"Senti Biosciences, Inc.",0001854270
Lipocine Inc.,0001535955
"NANOVIRICIDES, INC.",0001379006
"Bolt Biotherapeutics, Inc.",0001641281
"Marker Therapeutics, Inc.",0001094038
CervoMed Inc.,0001053691
"MEI Pharma, Inc.",0001262104
HCW Biologics Inc.,0001828673
GLYCOMIMETICS INC,0001253689
Affimed N.V.,0001608390
Sol-Gel Technologies Ltd.,0001684693
"SPRUCE BIOSCIENCES, INC.",0001683553
"Athira Pharma, Inc.",0001620463
"SAB Biotherapeutics, Inc.",0001833214
Evaxion Biotech A/S,0001828253
"GeoVax Labs, Inc.",0000832489
BiomX Inc.,0001739174
4Front Ventures Corp.,0001783875
"SYNLOGIC, INC.",0001527599
"Oncotelic Therapeutics, Inc.",0000908259
China Foods Holdings Ltd.,0001310630
MetaVia Inc.,0001638287
Flora Growth Corp.,0001790169
Eterna Therapeutics Inc.,0000748592
"Acurx Pharmaceuticals, Inc.",0001736243
XTL BIOPHARMACEUTICALS LTD,0001023549
MAINZ BIOMED N.V.,0001874252
BriaCell Therapeutics Corp.,0001610820
"Hoth Therapeutics, Inc.",0001711786
"Minerva Neurosciences, Inc.",0001598646
Cingulate Inc.,0001862150
BIOMERICA INC,0000073290
Green Planet Bio Engineering Co. Ltd.,0001392449
"Imunon, Inc.",0000749647
"Cellectar Biosciences, Inc.",0001279704
Curative Biotechnology Inc,0001400271
"BioCardia, Inc.",0000925741
BioLineRx Ltd.,0001498403
Aptose Biosciences Inc.,0000882361
"Sensei Biotherapeutics, Inc.",0001829802
"TherapeuticsMD, Inc.",0000025743
"Pioneer Green Farms, Inc.",0001902700
Immuron Ltd,0001660046
"Edesa Biotech, Inc.",0001540159
"Omega Therapeutics, Inc.",0001850838
"PharmaCyte Biotech, Inc.",0001157075
"Inhibitor Therapeutics, Inc.",0001042418
"Jaguar Health, Inc.",0001585608
"ENZON PHARMACEUTICALS, INC.",0000727510
"Charlie's Holdings, Inc.",0001134765
BetterLife Pharma Inc.,0001464165
"Indaptus Therapeutics, Inc.",0001857044
"TALPHERA, INC.",0001427925
KIORA PHARMACEUTICALS INC,0001372514
"Ainos, Inc.",0001014763
Biofrontera Inc.,0001858685
Channel Therapeutics Corp,0001919246
"AEON Biopharma, Inc.",0001837607
"ProPhase Labs, Inc.",0000868278
BRAINSTORM CELL THERAPEUTICS INC.,0001137883
"ABVC BIOPHARMA, INC.",0001173313
INTEGRATED BIOPHARMA INC,0001016504
AIM ImmunoTech Inc.,0000946644
"RELMADA THERAPEUTICS, INC.",0001553643
"Klotho Neurosciences, Inc.",0001907223
NYMOX PHARMACEUTICAL CORP,0001018735
NLS Pharmaceutics Ltd.,0001783036
Can-Fite BioPharma Ltd.,0001536196
"Adia Nutrition, Inc.",0001160420
Turnstone Biologics Corp.,0001764974
COSCIENS Biopharma Inc.,0001113423
Aptorum Group Ltd,0001734005
"Dogwood Therapeutics, Inc.",0001818844
PURPLE BIOTECH LTD.,0001614744
Phio Pharmaceuticals Corp.,0001533040
"Cyclerion Therapeutics, Inc.",0001755237
"AYTU BIOPHARMA, INC",0001385818
Virax Biolabs Group Ltd,0001885827
"CREATIVE MEDICAL TECHNOLOGY HOLDINGS, INC.",0001187953
"Onconetix, Inc.",0001782107
"Ensysce Biosciences, Inc.",0001716947
"CNS Pharmaceuticals, Inc.",0001729427
Addex Therapeutics Ltd.,0001574232
PORTAGE BIOTECH INC.,0001095435
"BioXcel Therapeutics, Inc.",0001720893
"CV Sciences, Inc.",0001510964
Evoke Pharma Inc,0001403708
"Transcode Therapeutics, Inc.",0001829635
"BIOXYTRAN, INC",0001445815
Apollomics Inc.,0001944885
"MUSTANG BIO, INC.",0001680048
Orgenesis Inc.,0001460602
RedHill Biopharma Ltd.,0001553846
Bright Green Corp,0001886799
"Silo Pharma, Inc.",0001514183
IM Cannabis Corp.,0001792030
Sunshine Biopharma Inc.,0001402328
BURZYNSKI RESEARCH INSTITUTE INC,0000724445
Clearmind Medicine Inc.,0001892500
"Xenetic Biosciences, Inc.",0001534525
"SOLIGENIX, INC.",0000812796
"Moleculin Biotech, Inc.",0001659617
"Dermata Therapeutics, Inc.",0001853816
Mosaic ImmunoEngineering Inc.,0000836564
"Galecto, Inc.",0001800315
"Alzamend Neuro, Inc.",0001677077
CONDUIT PHARMACEUTICALS INC.,0001896212
"Azitra, Inc.",0001701478
"Aditxt, Inc.",0001726711
MEDICURE INC,0001133519
"ORGANOVO HOLDINGS, INC.",0001497253
"KINETA, INC./DE",0001445283
"CERO THERAPEUTICS HOLDINGS, INC.",0001870404
"Ocean Biomedical, Inc.",0001869974
Mystic Holdings Inc./NV,0001790320
Bon Natural Life Ltd,0001816815
PMGC Holdings Inc.,0001840563
ALTEROLA BIOTECH INC.,0001442999
"Virpax Pharmaceuticals, Inc.",0001708331
Aptevo Therapeutics Inc.,0001671584
KAZIA THERAPEUTICS LTD,0001075880
Silexion Therapeutics Corp,0002022416
"Syros Pharmaceuticals, Inc.",0001556263
"ADIAL PHARMACEUTICALS, INC.",0001513525
Aspira Women's Health Inc.,0000926617
LIPELLA PHARMACEUTICALS INC.,0001347242
PSYENCE BIOMEDICAL LTD.,0001985062
"GRI Bio, Inc.",0001824293
"GT Biopharma, Inc.",0000109657
Biophytis SA,0001768946
"UPEXI, INC.",0001775194
"Theriva Biologics, Inc.",0000894158
"Sonnet BioTherapeutics Holdings, Inc.",0001106838
Polyrizon Ltd.,0001893645
"ARTELO BIOSCIENCES, INC.",0001621221
"CANNAPHARMARX, INC.",0001081938
LFTD PARTNERS INC.,0001391135
"60 DEGREES PHARMACEUTICALS, INC.",0001946563
HEALTHY EXTRACTS INC.,0001630176
"Cyclacel Pharmaceuticals, Inc.",0001130166
"Allarity Therapeutics, Inc.",0001860657
180 Life Sciences Corp.,0001690080
Avricore Health Inc.,0001355736
Galmed Pharmaceuticals Ltd.,0001595353
"Genprex, Inc.",0001595248
"CHINA PHARMA HOLDINGS, INC.",0001106644
ORAGENICS INC,0001174940
"ProtoKinetix, Inc.",0001128189
"EYENOVIA, INC.",0001682639
"Synaptogenix, Inc.",0001571934
Avalon GloboCare Corp.,0001630212
Agentix Corp.,0001603345
TITAN PHARMACEUTICALS INC,0000910267
"Tharimmune, Inc.",0001861657
"BIO-PATH HOLDINGS, INC.",0001133818
NuCana plc,0001709626
"NovaBay Pharmaceuticals, Inc.",0001389545
BODY & MIND INC.,0001715611
"ZyVersa Therapeutics, Inc.",0001859007
"LIXTE BIOTECHNOLOGY HOLDINGS, INC.",0001335105
Qrons Inc.,0001689084
Biodexa Pharmaceuticals Plc,0001643918
Accustem Sciences Inc.,0001850767
XORTX Therapeutics Inc.,0001729214
"Matinas BioPharma Holdings, Inc.",0001582554
"PALISADE BIO, INC.",0001357459
"Enveric Biosciences, Inc.",0000890821
"Processa Pharmaceuticals, Inc.",0001533743
"Galera Therapeutics, Inc.",0001563577
"Vincerx Pharma, Inc.",0001796129
"Shuttle Pharmaceuticals Holdings, Inc.",0001757499
Raphael Pharmaceutical Inc.,0001415397
"AVENUE THERAPEUTICS, INC.",0001644963
Scinai Immunotherapeutics Ltd.,0001611747
"One World Products, Inc.",0001622244
"Quoin Pharmaceuticals, Ltd.",0001671502
"Petros Pharmaceuticals, Inc.",0001815903
CYANOTECH CORP,0000768408
"Alaunos Therapeutics, Inc.",0001107421
"Salarius Pharmaceuticals, Inc.",0001615219
"Emmaus Life Sciences, Inc.",0000822370
"VACCINEX, INC.",0001205922
"SKINVISIBLE, INC.",0001085277
PAINREFORM LTD.,0001801834
"Qualigen Therapeutics, Inc.",0001460702
"Avenir Wellness Solutions, Inc.",0001643301
AKANDA CORP.,0001888014
"Entero Therapeutics, Inc.",0001604191
InMed Pharmaceuticals Inc.,0001728328
"Hepion Pharmaceuticals, Inc.",0001583771
"REVELATION BIOSCIENCES, INC.",0001810560
"Protagenic Therapeutics, Inc.new",0001022899
"Scorpius Holdings, Inc.",0001476963
ReShape Lifesciences Inc.,0001427570
Pasithea Therapeutics Corp.,0001841330
"Kiromic Biopharma, Inc.",0001792581
Regen BioPharma Inc,0001589150
WINDTREE THERAPEUTICS INC /DE/,0000946486
"China SXT Pharmaceuticals, Inc.",0001723980
TREVENA INC,0001429560
"Panbela Therapeutics, Inc.",0001029125
Nascent Biotech Inc.,0001622057
"TNF Pharmaceuticals, Inc.",0001321834
"Kaya Holdings, Inc.",0001530746
Universe Pharmaceuticals INC,0001809616
CBD Life Sciences Inc.,0001776073
TC BioPharm (Holdings) plc,0001872812
Target Group Inc.,0001586554
"Bespoke Extracts, Inc.",0001409197
"POLARITYTE, INC.",0001076682
"PANACEA LIFE SCIENCES HOLDINGS, INC.",0001552189
LadRx Corp,0000799698
RespireRx Pharmaceuticals Inc.,0000849636
"Evofem Biosciences, Inc.",0001618835
International Stem Cell CORP,0001355790
"Greater Cannabis Company, Inc.",0001695473
"Viracta Therapeutics, Inc.",0001061027
"BIOADAPTIVES, INC.",0001575142
"NEXIEN BIOPHARMA, INC.",0001625288
GELSTAT CORP,0000890725
"ACURA PHARMACEUTICALS, INC",0000786947
GlobeStar Therapeutics Corp,0001502152
Altamira Therapeutics Ltd.,0001601936
CNBX Pharmaceuticals Inc.,0001343009
"Mycotopia Therapies, Inc.",0001763329
"Propanc Biopharma, Inc.",0001517681
NovAccess Global Inc.,0001039466
"Notable Labs, Ltd.",0001603207
"NEONC TECHNOLOGIES HOLDINGS, INC.",0001979414
"BIORA THERAPEUTICS, INC.",0001580063
Anbio Biotechnology,0001982708
Functional Brands Inc.,0001837254
Iris Parent Holding Corp.,0001971387
"Aurion Biotech, Inc.",0001924356
"Apimeds Pharmaceuticals US, Inc.",0001894525
"Odyssey Therapeutics, Inc.",0001882782
Curanex Pharmaceuticals Inc,0002025942
Everfront Biotech Holding Co Ltd,0002001611
KVAC (Cayman) Ltd,0002037646
"Aspargo Labs, Inc.",0001805092
Maverick Lifestyle Inc.,0001934836
Cuprina Holdings (Cayman) LTD,0001995704
BRISTOL MYERS SQUIBB CO,0000014272
NOVO NORDISK A S,0000353278
ASTRAZENECA PLC,0000901832
NOVARTIS AG,0001114448
Sanofi,0001121404
GSK plc,0001131399
TAKEDA PHARMACEUTICAL CO LTD,0001395064
GENMAB A/S,0001434265
TEVA PHARMACEUTICAL INDUSTRIES LTD,0000818686
Grifols SA,0001438569
Grifols SA,0001438569
Grifols SA,0001438569
HUTCHMED (China) Ltd,0001648257
Evotec SE,0001412558
GALAPAGOS NV,0001421876
"Avid Bioservices, Inc.",0000704562
MESOBLAST LTD,0001345099
PureTech Health plc,0001782999
"Revance Therapeutics, Inc.",0001479290
Opthea Ltd,0001815620
Silence Therapeutics plc,0001479615
Apollomics Inc.,0001944885
Innate Pharma SA,0001598599
"Vicapsys Life Sciences, Inc.",0001468639
Inventiva S.A.,0001756594
EXOZYMES INC.,0002010788
"Procaps Group, S.A.",0001863362
Regen BioPharma Inc,0001589150
GENETIC TECHNOLOGIES LTD,0001166272
Relief Therapeutics Holding SA,0001854078
Zhong Yuan Bio-Technology Holdings Ltd,0001672886
"Zivo Bioscience, Inc.",0001101026
Medicenna Therapeutics Corp.,0001807983
Relief Therapeutics Holding SA,0001854078
"Fortress Biotech, Inc.",0001429260
Bio Essence Corp,0001723059
"MARINUS PHARMACEUTICALS, INC.",0001267813
AGRO CAPITAL MANAGEMENT CORP.,0001598323
Adastra Holdings Ltd.,0001891512
"Redwood Scientific Technologies, Inc.",0001634394
"Finch Therapeutics Group, Inc.",0001733257
Bioquest Corp,0001568628
"EOM Pharmaceutical Holdings, Inc.",0000822411
"Cyclacel Pharmaceuticals, Inc.",0001130166
ALTERITY THERAPEUTICS LTD,0001131343
"EAGLE PHARMACEUTICALS, INC.",0000827871
Fuss Brands Corp.,0000926844
"Glucose Health, Inc.",0001420108
"Sibannac, Inc.",0001313938
Algernon Pharmaceuticals Inc.,0001642178
"AXIM BIOTECHNOLOGIES, INC.",0001514946
"CANNABIS GLOBAL, INC.",0001413488
NEUTRA CORP.,0001512886
"Propanc Biopharma, Inc.",0001517681
"Plandai Biotechnology, Inc.",0001317880
"Mycotopia Therapies, Inc.",0001763329
"Cell Source, Inc.",0001569340
"Rapid Therapeutic Science Laboratories, Inc.",0001575659
"SMART FOR LIFE, INC.",0001851860
"SEELOS THERAPEUTICS, INC.",0001017491
BRISTOL MYERS SQUIBB CO,0000014272
Silexion Therapeutics Corp,0002022416
Medicus Pharma Ltd.,0001997296
NewAmsterdam Pharma Co N.V.,0001936258
Telix Pharmaceuticals Ltd,0002007191
"LIXTE BIOTECHNOLOGY HOLDINGS, INC.",0001335105
BriaCell Therapeutics Corp.,0001610820
"Hepion Pharmaceuticals, Inc.",0001583771
LIGAND PHARMACEUTICALS INC,0000886163
LIGAND PHARMACEUTICALS INC,0000886163
LIGAND PHARMACEUTICALS INC,0000886163
LIGAND PHARMACEUTICALS INC,0000886163
"Protagenic Therapeutics, Inc.new",0001022899
Pasithea Therapeutics Corp.,0001841330
"Ginkgo Bioworks Holdings, Inc.",0001830214
"Ocean Biomedical, Inc.",0001869974
Cannaisseur Group Inc.,0001879270
"Klotho Neurosciences, Inc.",0001907223
"Cordyceps Sunshine Biotech Holdings Co., Ltd.",0001885680
Cingulate Inc.,0001862150
"Estrella Immunopharma, Inc.",0001844417
Glass House Brands Inc.,0001848731
"Calidi Biotherapeutics, Inc.",0001855485
"CERO THERAPEUTICS HOLDINGS, INC.",0001870404
Scilex Holding Co,0001820190
"SAB Biotherapeutics, Inc.",0001833214
Asep Medical Holdings Inc.,0001969766
Oculis Holding AG,0001953530
Alvotech,0001898416
NeuroSense Therapeutics Ltd.,0001875091
FutureTech II Acquisition Corp.,0001889450
FutureTech II Acquisition Corp.,0001889450
"Abpro Holdings, Inc.",0001893219
PSYENCE BIOMEDICAL LTD.,0001985062
"60 DEGREES PHARMACEUTICALS, INC.",0001946563
TC BioPharm (Holdings) plc,0001872812
"Cardio Diagnostics Holdings, Inc.",0001870144
CONDUIT PHARMACEUTICALS INC.,0001896212
Radiopharm Theranostics Ltd,0001949257
180 Life Sciences Corp.,0001690080
"ARTELO BIOSCIENCES, INC.",0001621221
"Revolution Medicines, Inc.",0001628171
"Earth Science Tech, Inc.",0001538495
"Coeptis Therapeutics Holdings, Inc.",0001759186
PowerUp Acquisition Corp.,0001847345
PowerUp Acquisition Corp.,0001847345
"Dermata Therapeutics, Inc.",0001853816
"NKGen Biotech, Inc.",0001845459
"Humacyte, Inc.",0001818382
Celularity Inc,0001752828
"REVIVA PHARMACEUTICALS HOLDINGS, INC.",0001742927
"BullFrog AI Holdings, Inc.",0001829247
"BeiGene, Ltd.",0001651308
Ayr Wellness Inc.,0001847462
"Surrozen, Inc./DE",0001824893
LianBio,0001831283
"REVELATION BIOSCIENCES, INC.",0001810560
"Jasper Therapeutics, Inc.",0001788028
NLS Pharmaceutics Ltd.,0001783036
"Ensysce Biosciences, Inc.",0001716947
"NRX Pharmaceuticals, Inc.",0001719406
Nuvation Bio Inc.,0001811063
WINDTREE THERAPEUTICS INC /DE/,0000946486
"Zivo Bioscience, Inc.",0001101026
XOMA Royalty Corp,0000791908
XOMA Royalty Corp,0000791908
"GeoVax Labs, Inc.",0000832489
C21 Investments Inc.,0000831609
GERON CORP,0000886744
PDS Biotechnology Corp,0001472091
Sunshine Biopharma Inc.,0001402328
"REGENEREX PHARMA, INC.",0001357878
KIORA PHARMACEUTICALS INC,0001372514
"ROCKET PHARMACEUTICALS, INC.",0001281895
"Retrieve Medical Holdings, Inc.",0001452804
"Cyclo Therapeutics, Inc.",0000922247
"Ainos, Inc.",0001014763
Lexaria Bioscience Corp.,0001348362
"HARROW, INC.",0001360214
"HARROW, INC.",0001360214
Immatics N.V.,0001809196
Clene Inc.,0001822791
Biofrontera Inc.,0001858685
Tevogen Bio Holdings Inc.,0001860871
"LakeShore Biopharma Co., Ltd.",0001946399
Denali Capital Acquisition Corp.,0001913577
Denali Capital Acquisition Corp.,0001913577
enGene Holdings Inc.,0001980845
